{
    "model": "google/gemma-2-2b",
    "decode_mode": "greedy",
    "num_samples": 1000,
    "avg_metrics": {
        "bleu": 2.8907490915526903,
        "meteor": 0.2061159844226388,
        "perplexity": 2.3341273277951586,
        "rep_w": 0.15809596384864508,
        "rep_n_1": 0.42190368323933536,
        "rep_n_2": 0.17517964219219667,
        "rep_n_3": 0.06856975994690472,
        "rep_n_4": 0.033465534182322176,
        "rep_n_5": 0.019552510425782228,
        "rep_r": 0.44223811260026097
    },
    "result_path": "results/iwslt_penlaty_gemma2.jsonl",
    "metrics_path": "results/iwslt_penlaty_gemma2.jsonl.metrics.jsonl"
}