{
    "model": "google/gemma-2-2b",
    "decode_mode": "greedy",
    "num_samples": 1000,
    "avg_metrics": {
        "bleu": 1.9064718684793687,
        "meteor": 0.1401430795539082,
        "perplexity": 1.467272148901577,
        "rep_w": 0.3194054347781634,
        "rep_n_1": 0.6469664264687006,
        "rep_n_2": 0.5328417945824756,
        "rep_n_3": 0.4902707584406701,
        "rep_n_4": 0.46262002141439,
        "rep_n_5": 0.44091584210390194,
        "rep_r": 0.7250353725700919
    },
    "result_path": "results/nq_greedy_gemma2.jsonl",
    "metrics_path": "results/nq_greedy_gemma2.jsonl.metrics.jsonl"
}